[{"model": "admin.logentry", "pk": 1, "fields": {"action_time": "2021-07-04T21:17:13.687Z", "user": 1, "content_type": 8, "object_id": "1", "object_repr": "kew2353232@gmam.com", "action_flag": 2, "change_message": "[{\"changed\": {\"fields\": [\"Verified\", \"Primary\"]}}]"}}, {"model": "admin.logentry", "pk": 2, "fields": {"action_time": "2021-07-05T14:46:24.777Z", "user": 1, "content_type": 8, "object_id": "2", "object_repr": "test@test.com", "action_flag": 2, "change_message": "[{\"changed\": {\"fields\": [\"Verified\"]}}]"}}, {"model": "admin.logentry", "pk": 3, "fields": {"action_time": "2021-07-05T14:49:43.875Z", "user": 1, "content_type": 8, "object_id": "3", "object_repr": "cem.larsson@gmail.com", "action_flag": 2, "change_message": "[{\"changed\": {\"fields\": [\"Verified\"]}}]"}}, {"model": "admin.logentry", "pk": 4, "fields": {"action_time": "2021-07-09T12:57:47.752Z", "user": 1, "content_type": 4, "object_id": "5", "object_repr": "christina", "action_flag": 2, "change_message": "[{\"changed\": {\"fields\": [\"Staff status\"]}}]"}}, {"model": "admin.logentry", "pk": 5, "fields": {"action_time": "2021-07-09T12:58:45.720Z", "user": 1, "content_type": 8, "object_id": "5", "object_repr": "christina1248359@gmail.com", "action_flag": 2, "change_message": "[{\"changed\": {\"fields\": [\"Verified\"]}}]"}}, {"model": "admin.logentry", "pk": 6, "fields": {"action_time": "2021-07-09T12:58:49.656Z", "user": 1, "content_type": 8, "object_id": "4", "object_repr": "tim12345@gmail.com", "action_flag": 2, "change_message": "[{\"changed\": {\"fields\": [\"Verified\"]}}]"}}, {"model": "auth.user", "pk": 1, "fields": {"password": "pbkdf2_sha256$260000$PSRf5N7OGaj0IGaou0tZK2$fVTP5aBbVVEtI4yoThh2W6IAHexO/DPh9NU6Z2pYnz4=", "last_login": "2021-07-09T14:12:37.692Z", "is_superuser": true, "username": "adminkeeks", "first_name": "", "last_name": "", "email": "kew2353232@gmam.com", "is_staff": true, "is_active": true, "date_joined": "2021-07-04T18:25:46.593Z", "groups": [], "user_permissions": []}}, {"model": "auth.user", "pk": 2, "fields": {"password": "pbkdf2_sha256$260000$K1dtIVfnRpE7dSOtBIDaMM$vSxLG73RGrBErH5IVUNkXOZcT0YJ2YmuYX8iv+mOX0c=", "last_login": null, "is_superuser": false, "username": "ceciilia", "first_name": "", "last_name": "", "email": "test@test.com", "is_staff": false, "is_active": true, "date_joined": "2021-07-05T14:44:41.959Z", "groups": [], "user_permissions": []}}, {"model": "auth.user", "pk": 3, "fields": {"password": "pbkdf2_sha256$260000$wOKJiF36ovClHM0FeOd4x0$tpk/Z1Z4c6kMJ58SGqbCTIIx+upL2HRK2t0HLa+XtPc=", "last_login": "2021-07-05T14:50:28.723Z", "is_superuser": false, "username": "celarsson", "first_name": "", "last_name": "", "email": "cem.larsson@gmail.com", "is_staff": false, "is_active": true, "date_joined": "2021-07-05T14:47:51.447Z", "groups": [], "user_permissions": []}}, {"model": "auth.user", "pk": 4, "fields": {"password": "pbkdf2_sha256$260000$6xqMaCFoLzqC9mGZBAAz6y$x8++9cmh29Sovj30xg+1X8jk9yYU5zZnbiXx86Q2DLk=", "last_login": "2021-07-09T13:06:57.732Z", "is_superuser": false, "username": "tim12345", "first_name": "", "last_name": "", "email": "tim12345@gmail.com", "is_staff": false, "is_active": true, "date_joined": "2021-07-06T14:08:44.461Z", "groups": [], "user_permissions": []}}, {"model": "auth.user", "pk": 5, "fields": {"password": "pbkdf2_sha256$260000$8K2ScmKzJmg3DuNxfSD8G6$76BWHlTVGLApqNEm/3vc2tlwyFo6X9VNq/wb9hp5/VI=", "last_login": "2021-07-09T13:16:18.876Z", "is_superuser": false, "username": "christina", "first_name": "", "last_name": "", "email": "christina1248359@gmail.com", "is_staff": true, "is_active": true, "date_joined": "2021-07-09T12:57:03Z", "groups": [], "user_permissions": []}}, {"model": "sessions.session", "pk": "et6pqp0fgusmms7plu49v8kc61fg03is", "fields": {"session_data": ".eJxVjEEOwiAQRe_C2hCgLYUu3XsGMmVmLGrAlDbRGO-uTbrQ7X_vv5cIsC5TWCvNIaEYhBaH322EeKW8AbxAPhcZS17mNMpNkTut8lSQbsfd_QtMUKfv26LrnTINMLLXHbvowZFpsdPEJlo1GuiVdqzbBltWjq0Fywq0p2i82aKVak0lB3rc0_wUg3p_AIyNPxY:1m1rF7:EEWzdK4H11jAzz5O81VXhD_wjVrhwwX5YKFYl67SBNM", "expire_date": "2021-07-23T14:12:37.884Z"}}, {"model": "sessions.session", "pk": "vexzca2av9q0bsbem4dcauhu10d5qgp4", "fields": {"session_data": ".eJxVjMEOwiAQBf-Fc0OAthR69O43kC3sWtSAgdZojP-uTXrQ65t582IO1mV2a8XiYmAjk6z53SbwF0wbCGdIp8x9TkuJE98UvtPKjzng9bC7f4EZ6vx962AGI1QLFMjKnoy3YFB1oZdIymsxKRiENCS7NnQkDGkNmgRIi15ZtUUr1hpzcvi4xfJko2hYhTu6mCizcSkrvj_vkEU6:1m0uMw:4Ap6VcHB6zH78Mxlg2Ut4ddaVr8gA7kPi2bnad8O1pU", "expire_date": "2021-07-20T23:20:46.988Z"}}, {"model": "sites.site", "pk": 1, "fields": {"domain": "example.com", "name": "example.com"}}, {"model": "account.emailaddress", "pk": 1, "fields": {"user": 1, "email": "kew2353232@gmam.com", "verified": true, "primary": true}}, {"model": "account.emailaddress", "pk": 2, "fields": {"user": 2, "email": "test@test.com", "verified": true, "primary": true}}, {"model": "account.emailaddress", "pk": 3, "fields": {"user": 3, "email": "cem.larsson@gmail.com", "verified": true, "primary": true}}, {"model": "account.emailaddress", "pk": 4, "fields": {"user": 4, "email": "tim12345@gmail.com", "verified": true, "primary": true}}, {"model": "account.emailaddress", "pk": 5, "fields": {"user": 5, "email": "christina1248359@gmail.com", "verified": true, "primary": true}}, {"model": "products.category", "pk": 1, "fields": {"name": "rackets", "friendly_name": "Tennis Rackets"}}, {"model": "products.category", "pk": 2, "fields": {"name": "balls", "friendly_name": "Tennis Balls"}}, {"model": "products.category", "pk": 3, "fields": {"name": "bags", "friendly_name": "Tennis Racket Bags"}}, {"model": "products.product", "pk": 1, "fields": {"category": 2, "sku": "0528101", "name": "Wimbledon Tennis Balls", "description": "Slazenger tennis balls have been used on the hallowed turf of the All England Club since 1902 and with the latest Wimbledon ball, Slazenger have created the world’s ultimate performance tennis ball. Sold in a 4 ball tin.", "price": "6.50", "rating": "4.50", "image": "74505313_l.jpg", "has_sizes": false}}, {"model": "products.product", "pk": 2, "fields": {"category": 2, "sku": "0528102", "name": "Club All Court Tennis Balls", "description": "Club All Court Tennis Ball is ideal across all playing surfaces, offering consistent play.", "price": "3.00", "rating": "4.25", "image": "74501013_l.jpg", "has_sizes": false}}, {"model": "products.product", "pk": 3, "fields": {"category": 2, "sku": "0528103", "name": "HEAD Tour Tennis Balls", "description": "The HEAD Tour Tennis Balls have been designed with Encore technology and SmartOptik for better durability and visibility. These HEAD tennis balls are design for play on a huge range of courts, made made polymers to the core that limits the softening, resulting in the ball staying fresher for longer.", "price": "4.99", "rating": "4.75", "image": "74508313_a.jpg", "has_sizes": false}}, {"model": "products.product", "pk": 4, "fields": {"category": 2, "sku": "0528104", "name": "DUNLOP Australian Open Tennis Balls", "description": "The Dunlop Australian Open Tennis Balls have been crafted with a HD core with HD Pro cloth outer that allows you to take your game to the next level, completed with the Dunlop branding.", "price": "4.99", "rating": "4.00", "image": "74506513_c.jpg", "has_sizes": false}}, {"model": "products.product", "pk": 5, "fields": {"category": 2, "sku": "0528105", "name": "WILSON TP Tennis Balls", "description": "The Wilson TP Tennis Balls is a superb choice for matches and training sessions, with a durable felt construction and a premium quality finish.", "price": "3.00", "rating": "3.50", "image": "77933413_g.jpg", "has_sizes": false}}, {"model": "products.product", "pk": 6, "fields": {"category": 2, "sku": "0528106", "name": "WILSON Ultra Club All Court Tennis Balls", "description": "The Wilson Ultra Club All Court Tennis Balls are perfectly suited for play on all court surface types, crafted with a tight, durable weave that also offers high visibility, completed with the Wilson branding.", "price": "5.00", "rating": "3.75", "image": "77933613_e.jpg", "has_sizes": false}}, {"model": "products.product", "pk": 7, "fields": {"category": 2, "sku": "0528107", "name": "WILSON Tennis Ball 4 Pack", "description": "As used on the courts of Roland-Garros, this Wilson Tennis Ball 4 Pack provides long-lasting performance on all surfaces, while its woven felt exterior resists moisture to ensure a consistent flight.", "price": "5.99", "rating": "4.30", "image": "74508913_g.jpg", "has_sizes": false}}, {"model": "products.product", "pk": 8, "fields": {"category": 3, "sku": "0528200", "name": "BABOLAT 3 Racket Bag", "description": "The Babolat Club 3 Racket Bag has been designed with a zip fastening main compartment with space for up to three rackets along with additional pocket to the side, grab handles and a carry strap allows for easy transportation, completed with the Babolat branding.", "price": "19.99", "rating": "3.15", "image": "34608124_l.jpg", "has_sizes": false}}, {"model": "products.product", "pk": 9, "fields": {"category": 3, "sku": "0528201", "name": "WILSON Advantage III Triple Racket Bag", "description": "The Wilson Advantage III Triple Racket Bag has been designed with a zip fastening main compartment with space for up to three rackets along with additional pockets to the sides, grab handles and a carry strap allows for easy transportation, completed with the Wilson branding.", "price": "17.99", "rating": "3.80", "image": "24613044_l.jpg", "has_sizes": false}}, {"model": "products.product", "pk": 10, "fields": {"category": 3, "sku": "0528202", "name": "BABOLAT Club Backpack", "description": "The Babolat Club Backpack is perfect for both everyday use and training sessions, crafted with a zip fastening main compartment along with additional pockets for all the essentials, a grab handle and padded shoulder straps allow for comfortable transportation, completed with the Babolat branding", "price": "19.99", "rating": "3.40", "image": "44601624_l.jpg", "has_sizes": false}}, {"model": "products.product", "pk": 11, "fields": {"category": 3, "sku": "0528203", "name": "WILSON Tennis Head Cover", "description": "This Wilson Ten Head Cover is ideal for carrying your racket to matches easily thanks to its full zip fastening and adjustable carry handle.", "price": "4.99", "rating": "3.00", "image": "14603503_l.jpg", "has_sizes": false}}, {"model": "products.product", "pk": 12, "fields": {"category": 3, "sku": "0528204", "name": "WILSON Spr Tour 9Pk PS 13", "description": "Hold all your favourite rackets in one place with this Wilson Advantage III Six Racket Bag. With 2 compartments and 1 side compartment, this bag can hold up to 6 rackets and features both a grab handle and single shoulder strap. Wilson branding completes the design.", "price": "79.99", "rating": "3.80", "image": "54601303_l.jpg", "has_sizes": false}}, {"model": "products.product", "pk": 13, "fields": {"category": 1, "sku": "0528300", "name": "SLAZENGER Smash Tennis Racket", "description": "The Slazenger Smash Tennis Racket features a lightweight alloy frame with cushioned grip for excellent control and power, an ideal start up racket.", "price": "12.99", "rating": "2.95", "image": "74102130_b1.jpg", "has_sizes": true}}, {"model": "products.product", "pk": 14, "fields": {"category": 1, "sku": "0528301", "name": "WILSON Tour 110 Tennis Racket", "description": "The Wilson Tour 110 Tennis Racket is a fantastic choice for any new starter to the sport, with its lightweight frame it allows easy swing. Its gripped handle promotes a comfortable feel and assists in controlling shots.", "price": "19.99", "rating": "3.75", "image": "74107144_b2.jpg", "has_sizes": true}}, {"model": "products.product", "pk": 15, "fields": {"category": 1, "sku": "0528302", "name": "HEAD Radical 27 Tennis Racket", "description": "Brilliantly balanced and finely crafted the Head Radical Tennis Racket offers exceptional feel alongside control and stability! The Head Radical Tennis Racket allows a full court play boost to suit many player styles while, inspiring your confidence to draw out progression. Complete with a lightweight construction and high quality grip to aid in racket manoeuvrability and swing speed as a final touch to your performance.", "price": "22.99", "rating": "4.25", "image": "74107312_b4.jpg", "has_sizes": true}}, {"model": "products.product", "pk": 16, "fields": {"category": 1, "sku": "0528303", "name": "WILSON Milos Raonic Team Tennis Racket", "description": "In honour of the Canadian tennis star Milos Raonic the Wilson Milos Raonic Team Tennis Racket has been produced to deliver exceptional recreation level performance! Double hole technology increases racket power in combination with Quadiform texh to ensure that power can be put down with stability. Complete with a comfort tech grip handle to ensure you maintain exceptional control and finesse.", "price": "27.99", "rating": "5.00", "image": "74207216_b3.jpg", "has_sizes": true}}, {"model": "products.product", "pk": 17, "fields": {"category": 1, "sku": "052830", "name": "HEAD Graphene 360+ Speed MP Tennis Racket", "description": "The Head Graphene 360+ Speed MP Tennis Racket is engineered for players seeking more power, feel and stability without compromising spin. Graphene 360+ combines with SpiralFibers in the lower head for cleaner hits.", "price": "159.99", "rating": "4.50", "image": "74301303_a7.jpg", "has_sizes": true}}, {"model": "products.product", "pk": 18, "fields": {"category": 1, "sku": "0528304", "name": "SLAZENGER Ultimate Tennis Racket", "description": "The Slazenger Ultimate tennis racket features a lightweight c-beam titanium alloy structure for ease of movement and comfort. Designed in a classic monochrome with the logo printed into the strings for instantaneous brand recognition", "price": "29.99", "rating": "4.00", "image": "74117024_a3.jpg", "has_sizes": true}}, {"model": "products.product", "pk": 21, "fields": {"category": 1, "sku": "hu98", "name": "big tennis kracket", "description": "The biggest tennis racket you've ever seen", "price": "76.00", "rating": "4.00", "image": "", "has_sizes": false}}, {"model": "products.product", "pk": 22, "fields": {"category": 1, "sku": "noijo", "name": "oihnoio", "description": "noion", "price": "596.00", "rating": "4.00", "image": "", "has_sizes": false}}, {"model": "checkout.order", "pk": 1, "fields": {"order_number": "0072A5DF0CE041ADA76CBE3C17DDE0F0", "user_profile": 1, "full_name": "admin keeks", "email": "kew2353232@gmam.com", "phone_number": "12457", "country": "US", "postcode": "12347", "town_or_city": "london", "street_address1": "12 street", "street_address2": null, "county": null, "date": "2021-07-09T00:43:41.142Z", "delivery_cost": "0.50", "order_total": "4.99", "lesson_total": "55.00", "grand_total": "60.49", "original_bag": "{\"3\": 1}", "original_lesson_bag": "", "stripe_pid": "pi_1JB7oNDWS9KjZWvfxtXtAiwD"}}, {"model": "checkout.order", "pk": 2, "fields": {"order_number": "ED65588107D4466582C5DB543E82086B", "user_profile": 1, "full_name": "admin keeks", "email": "kew2353232@gmam.com", "phone_number": "12457", "country": "US", "postcode": "12347", "town_or_city": "london", "street_address1": "12 street", "street_address2": null, "county": null, "date": "2021-07-09T01:03:18.462Z", "delivery_cost": "0.00", "order_total": "179.98", "lesson_total": "135.00", "grand_total": "314.98", "original_bag": "{\"8\": 1, \"17\": {\"items_by_size\": {\"l3\": 1}}}", "original_lesson_bag": "", "stripe_pid": "pi_1JB87KDWS9KjZWvfU8iIo5bF"}}, {"model": "checkout.order", "pk": 3, "fields": {"order_number": "9C2E9398135E437685FD157DB30BB543", "user_profile": 1, "full_name": "admin keeks", "email": "kew2353232@gmam.com", "phone_number": "12457", "country": "US", "postcode": "12347", "town_or_city": "london", "street_address1": "12 street", "street_address2": null, "county": null, "date": "2021-07-09T01:29:44.711Z", "delivery_cost": "0.00", "order_total": "0.00", "lesson_total": "0.00", "grand_total": "0.00", "original_bag": "{}", "original_lesson_bag": "{\"19\": 1}", "stripe_pid": "pi_1JB8WwDWS9KjZWvf3csuAEFC"}}, {"model": "checkout.order", "pk": 4, "fields": {"order_number": "A0AE1ABC07B8427AA9E967FF30232DF9", "user_profile": null, "full_name": "admin keeks", "email": "kew2353232@gmam.com", "phone_number": "12457", "country": "US", "postcode": "12347", "town_or_city": "london", "street_address1": "12 street", "street_address2": null, "county": null, "date": "2021-07-09T01:37:29.431Z", "delivery_cost": "0.00", "order_total": "0.00", "lesson_total": "0.00", "grand_total": "0.00", "original_bag": "{}", "original_lesson_bag": "{\"19\": 1}", "stripe_pid": "pi_1JB8eQDWS9KjZWvftcl7eJud"}}, {"model": "checkout.order", "pk": 5, "fields": {"order_number": "E6CA9336C4EC49659F7F9685367FA1F4", "user_profile": 1, "full_name": "amdin alkal`", "email": "kew2353232@gmam.com", "phone_number": "12457", "country": "US", "postcode": "12347", "town_or_city": "london", "street_address1": "12 street", "street_address2": null, "county": null, "date": "2021-07-09T01:39:28.064Z", "delivery_cost": "0.00", "order_total": "0.00", "lesson_total": "0.00", "grand_total": "0.00", "original_bag": "{}", "original_lesson_bag": "{\"19\": 1}", "stripe_pid": "pi_1JB8gLDWS9KjZWvfFXgfSn2l"}}, {"model": "checkout.order", "pk": 6, "fields": {"order_number": "A8EC0561A12348298CCC2F3ADB29959D", "user_profile": null, "full_name": "akmdik kao", "email": "kew2353232@gmam.com", "phone_number": "12457", "country": "US", "postcode": "12347", "town_or_city": "london", "street_address1": "12 street", "street_address2": null, "county": null, "date": "2021-07-09T01:49:17.919Z", "delivery_cost": "0.00", "order_total": "0.00", "lesson_total": "0.00", "grand_total": "0.00", "original_bag": "{}", "original_lesson_bag": "{\"4\": 1}", "stripe_pid": "pi_1JB8psDWS9KjZWvfy4XwRNQI"}}, {"model": "checkout.order", "pk": 7, "fields": {"order_number": "A4CC310D20A74476BA3046D063C37E34", "user_profile": null, "full_name": "admin keeks", "email": "kew2353232@gmam.com", "phone_number": "12457", "country": "US", "postcode": "12347", "town_or_city": "london", "street_address1": "12 street", "street_address2": null, "county": null, "date": "2021-07-09T02:04:24.986Z", "delivery_cost": "0.00", "order_total": "0.00", "lesson_total": "0.00", "grand_total": "0.00", "original_bag": "{}", "original_lesson_bag": "{\"4\": 1}", "stripe_pid": "pi_1JB94TDWS9KjZWvfaWeTTGYC"}}, {"model": "checkout.order", "pk": 8, "fields": {"order_number": "F86001368DED41E98006A6BEB5854A36", "user_profile": 1, "full_name": "admin keeks", "email": "kew2353232@gmam.com", "phone_number": "12457", "country": "US", "postcode": "12347", "town_or_city": "london", "street_address1": "12 street", "street_address2": null, "county": null, "date": "2021-07-09T02:08:45.760Z", "delivery_cost": "0.00", "order_total": "0.00", "lesson_total": "0.00", "grand_total": "0.00", "original_bag": "{}", "original_lesson_bag": "{\"4\": 1}", "stripe_pid": "pi_1JB98eDWS9KjZWvf9RjCUEkK"}}, {"model": "checkout.order", "pk": 9, "fields": {"order_number": "93C002FD430845CD9409226CCE1FAE46", "user_profile": 1, "full_name": "amin dkdao", "email": "kew2353232@gmam.com", "phone_number": "12457", "country": "US", "postcode": "12347", "town_or_city": "london", "street_address1": "12 street", "street_address2": null, "county": null, "date": "2021-07-09T02:11:39.667Z", "delivery_cost": "0.50", "order_total": "4.99", "lesson_total": "55.00", "grand_total": "60.49", "original_bag": "{\"3\": 1}", "original_lesson_bag": "{\"19\": 1}", "stripe_pid": "pi_1JB9BVDWS9KjZWvfkGN5aDEM"}}, {"model": "checkout.order", "pk": 10, "fields": {"order_number": "F6421A6E60CA4D45AE5184DB1E2DAB62", "user_profile": 1, "full_name": "admin keek", "email": "kew2353232@gmam.com", "phone_number": "12457", "country": "US", "postcode": "12347", "town_or_city": "london", "street_address1": "12 street", "street_address2": null, "county": null, "date": "2021-07-09T02:13:02.489Z", "delivery_cost": "0.00", "order_total": "0.00", "lesson_total": "0.00", "grand_total": "0.00", "original_bag": "{\"2\": 1}", "original_lesson_bag": "{\"19\": 1}", "stripe_pid": "pi_1JB9CpDWS9KjZWvfG87o3GW2"}}, {"model": "checkout.order", "pk": 11, "fields": {"order_number": "07B3C77A682F47B5A71820F534D9B43A", "user_profile": null, "full_name": "hgiuibiu ugbiu", "email": "kew2353232@gmam.com", "phone_number": "12457", "country": "US", "postcode": "12347", "town_or_city": "london", "street_address1": "12 street", "street_address2": null, "county": null, "date": "2021-07-09T02:16:24.716Z", "delivery_cost": "0.00", "order_total": "0.00", "lesson_total": "0.00", "grand_total": "0.00", "original_bag": "{}", "original_lesson_bag": "{\"19\": 1}", "stripe_pid": "pi_1JB9G0DWS9KjZWvfimhVjlFw"}}, {"model": "checkout.order", "pk": 12, "fields": {"order_number": "268625C77C0C4AEE8B364DBC8E0B6690", "user_profile": null, "full_name": "ihohohi", "email": "kew2353232@gmam.com", "phone_number": "12457", "country": "US", "postcode": "12347", "town_or_city": "london", "street_address1": "12 street", "street_address2": null, "county": null, "date": "2021-07-09T02:17:05.177Z", "delivery_cost": "0.00", "order_total": "0.00", "lesson_total": "0.00", "grand_total": "0.00", "original_bag": "{}", "original_lesson_bag": "{\"19\": 1}", "stripe_pid": "pi_1JB9GiDWS9KjZWvfJy5rk28v"}}, {"model": "checkout.order", "pk": 13, "fields": {"order_number": "26233EDBF2E1406EA05F8776C51E3743", "user_profile": null, "full_name": "poakca kenoa", "email": "kew2353232@gmam.com", "phone_number": "12457", "country": "US", "postcode": "12347", "town_or_city": "london", "street_address1": "12 street", "street_address2": null, "county": null, "date": "2021-07-09T02:29:10.984Z", "delivery_cost": "0.00", "order_total": "0.00", "lesson_total": "0.00", "grand_total": "0.00", "original_bag": "{}", "original_lesson_bag": "{\"19\": 1}", "stripe_pid": "pi_1JB9SQDWS9KjZWvfK5ybTuSZ"}}, {"model": "checkout.order", "pk": 14, "fields": {"order_number": "E720CFEDC7D244BE9287A3FC69C5A229", "user_profile": 1, "full_name": "try 1 product", "email": "kew2353232@gmam.com", "phone_number": "12457", "country": "US", "postcode": "12347", "town_or_city": "london", "street_address1": "12 street", "street_address2": null, "county": null, "date": "2021-07-09T02:34:21.511Z", "delivery_cost": "0.50", "order_total": "4.99", "lesson_total": "0.00", "grand_total": "5.49", "original_bag": "{\"3\": 1}", "original_lesson_bag": "{}", "stripe_pid": "pi_1JB9XRDWS9KjZWvfGVhV3XGk"}}, {"model": "checkout.order", "pk": 15, "fields": {"order_number": "B05B207AFF014938AC05455A9E051410", "user_profile": 1, "full_name": "try2 product", "email": "kew2353232@gmam.com", "phone_number": "12457", "country": "US", "postcode": "12347", "town_or_city": "london", "street_address1": "12 street", "street_address2": null, "county": null, "date": "2021-07-09T02:43:43.854Z", "delivery_cost": "0.30", "order_total": "3.00", "lesson_total": "0.00", "grand_total": "3.30", "original_bag": "{\"2\": 1}", "original_lesson_bag": "{}", "stripe_pid": "pi_1JB9gUDWS9KjZWvfvqILNOUH"}}, {"model": "checkout.order", "pk": 16, "fields": {"order_number": "8D7B87E356674767B39A54D99E43D905", "user_profile": 1, "full_name": "try1 lessonpostsave", "email": "kew2353232@gmam.com", "phone_number": "12457", "country": "US", "postcode": "12347", "town_or_city": "london", "street_address1": "12 street", "street_address2": null, "county": null, "date": "2021-07-09T02:44:49.769Z", "delivery_cost": "0.00", "order_total": "0.00", "lesson_total": "0.00", "grand_total": "0.00", "original_bag": "{}", "original_lesson_bag": "{\"19\": 1}", "stripe_pid": "pi_1JB9hSDWS9KjZWvf2Rsm9RYo"}}, {"model": "checkout.order", "pk": 17, "fields": {"order_number": "E2B4116291F347EE8DE7DDD65B474DB5", "user_profile": null, "full_name": "try2 lessonpostsave", "email": "kew2353232@gmam.com", "phone_number": "12457", "country": "US", "postcode": "12347", "town_or_city": "london", "street_address1": "12 street", "street_address2": null, "county": null, "date": "2021-07-09T02:45:48.653Z", "delivery_cost": "0.00", "order_total": "0.00", "lesson_total": "0.00", "grand_total": "0.00", "original_bag": "{}", "original_lesson_bag": "{\"19\": 1}", "stripe_pid": "pi_1JB9iUDWS9KjZWvfPOmOa2Ru"}}, {"model": "checkout.order", "pk": 18, "fields": {"order_number": "215214E257DC48D0910D0300D59D9CF6", "user_profile": null, "full_name": "try3 lessondecimaldecimal", "email": "kew2353232@gmam.com", "phone_number": "12457", "country": "US", "postcode": "12347", "town_or_city": "london", "street_address1": "12 street", "street_address2": null, "county": null, "date": "2021-07-09T02:50:52.648Z", "delivery_cost": "0.00", "order_total": "0.00", "lesson_total": "0.00", "grand_total": "0.00", "original_bag": "{}", "original_lesson_bag": "{\"19\": 1}", "stripe_pid": "pi_1JB9nMDWS9KjZWvfafznXsND"}}, {"model": "checkout.order", "pk": 19, "fields": {"order_number": "260566B2874F497DA32A7F5CC6ED788F", "user_profile": null, "full_name": "try4 lessononly", "email": "kew2353232@gmam.com", "phone_number": "12457", "country": "US", "postcode": "12347", "town_or_city": "london", "street_address1": "12 street", "street_address2": null, "county": null, "date": "2021-07-09T02:58:05.569Z", "delivery_cost": "0.00", "order_total": "0.00", "lesson_total": "0.00", "grand_total": "0.00", "original_bag": "{}", "original_lesson_bag": "{\"19\": 1}", "stripe_pid": "pi_1JB9uEDWS9KjZWvfSLKyUES6"}}, {"model": "checkout.order", "pk": 20, "fields": {"order_number": "B068C3FA3138485FA2031D4135D84A11", "user_profile": 1, "full_name": "try3 productpostsave", "email": "kew2353232@gmam.com", "phone_number": "12457", "country": "US", "postcode": "12347", "town_or_city": "london", "street_address1": "12 street", "street_address2": null, "county": null, "date": "2021-07-09T03:00:58.792Z", "delivery_cost": "0.65", "order_total": "6.50", "lesson_total": "0.00", "grand_total": "7.15", "original_bag": "{\"1\": 1}", "original_lesson_bag": "{}", "stripe_pid": "pi_1JB9x7DWS9KjZWvfNJFnNk0f"}}, {"model": "checkout.order", "pk": 21, "fields": {"order_number": "42643A4719014E2DA841DBA8EB265740", "user_profile": null, "full_name": "try 1 prolesspostsave", "email": "kew2353232@gmam.com", "phone_number": "12457", "country": "US", "postcode": "12347", "town_or_city": "london", "street_address1": "12 street", "street_address2": null, "county": null, "date": "2021-07-09T03:02:11.125Z", "delivery_cost": "0.00", "order_total": "0.00", "lesson_total": "0.00", "grand_total": "0.00", "original_bag": "{\"4\": 1}", "original_lesson_bag": "{\"19\": 1}", "stripe_pid": "pi_1JB9yHDWS9KjZWvfXklOwYHl"}}, {"model": "checkout.order", "pk": 22, "fields": {"order_number": "2BF06FEEE97B450AA2E14DCCB7033314", "user_profile": null, "full_name": "try 4 prints", "email": "kew2353232@gmam.com", "phone_number": "12457", "country": "US", "postcode": "12347", "town_or_city": "london", "street_address1": "12 street", "street_address2": null, "county": null, "date": "2021-07-09T03:09:59.086Z", "delivery_cost": "0.00", "order_total": "0.00", "lesson_total": "0.00", "grand_total": "0.00", "original_bag": "{\"4\": 1}", "original_lesson_bag": "{\"19\": 1}", "stripe_pid": "pi_1JBA5uDWS9KjZWvftLJvpf5V"}}, {"model": "checkout.order", "pk": 23, "fields": {"order_number": "40E31B92A8C04C79B8F5198BB2386C75", "user_profile": null, "full_name": "try 5 prints", "email": "kew2353232@gmam.com", "phone_number": "12457", "country": "US", "postcode": "12347", "town_or_city": "london", "street_address1": "12 street", "street_address2": null, "county": null, "date": "2021-07-09T03:10:38.999Z", "delivery_cost": "0.00", "order_total": "0.00", "lesson_total": "0.00", "grand_total": "0.00", "original_bag": "{\"4\": 1}", "original_lesson_bag": "{\"19\": 1}", "stripe_pid": "pi_1JBA6YDWS9KjZWvfT8VSZ5GM"}}, {"model": "checkout.order", "pk": 24, "fields": {"order_number": "E2D680E6FBAE4FA6B7405242CFD6169F", "user_profile": null, "full_name": "try4 lessonintquant", "email": "kew2353232@gmam.com", "phone_number": "12457", "country": "US", "postcode": "12347", "town_or_city": "london", "street_address1": "12 street", "street_address2": null, "county": null, "date": "2021-07-09T03:24:46.920Z", "delivery_cost": "0.00", "order_total": "0.00", "lesson_total": "0.00", "grand_total": "0.00", "original_bag": "{}", "original_lesson_bag": "{\"19\": 1}", "stripe_pid": "pi_1JBAK8DWS9KjZWvflp4ADAAL"}}, {"model": "checkout.orderlineitem", "pk": 1, "fields": {"order": 1, "product": 3, "product_size": "", "quantity": 1, "lineitem_total": "4.99"}}, {"model": "checkout.orderlineitem", "pk": 2, "fields": {"order": 2, "product": 8, "product_size": "", "quantity": 1, "lineitem_total": "19.99"}}, {"model": "checkout.orderlineitem", "pk": 3, "fields": {"order": 2, "product": 17, "product_size": "l3", "quantity": 1, "lineitem_total": "159.99"}}, {"model": "checkout.orderlineitem", "pk": 4, "fields": {"order": 9, "product": 3, "product_size": "", "quantity": 1, "lineitem_total": "4.99"}}, {"model": "checkout.orderlineitem", "pk": 5, "fields": {"order": 10, "product": 2, "product_size": "", "quantity": 1, "lineitem_total": "3.00"}}, {"model": "checkout.orderlineitem", "pk": 6, "fields": {"order": 14, "product": 3, "product_size": "", "quantity": 1, "lineitem_total": "4.99"}}, {"model": "checkout.orderlineitem", "pk": 7, "fields": {"order": 15, "product": 2, "product_size": "", "quantity": 1, "lineitem_total": "3.00"}}, {"model": "checkout.orderlineitem", "pk": 8, "fields": {"order": 20, "product": 1, "product_size": "", "quantity": 1, "lineitem_total": "6.50"}}, {"model": "checkout.lessonlineitem", "pk": 1, "fields": {"order": 1, "lesson": 19, "lesson_lineitem_total": "55.00"}}, {"model": "checkout.lessonlineitem", "pk": 2, "fields": {"order": 2, "lesson": 19, "lesson_lineitem_total": "55.00"}}, {"model": "checkout.lessonlineitem", "pk": 3, "fields": {"order": 2, "lesson": 5, "lesson_lineitem_total": "35.00"}}, {"model": "checkout.lessonlineitem", "pk": 4, "fields": {"order": 2, "lesson": 26, "lesson_lineitem_total": "45.00"}}, {"model": "checkout.lessonlineitem", "pk": 5, "fields": {"order": 3, "lesson": 19, "lesson_lineitem_total": "55.00"}}, {"model": "checkout.lessonlineitem", "pk": 6, "fields": {"order": 5, "lesson": 19, "lesson_lineitem_total": "55.00"}}, {"model": "checkout.lessonlineitem", "pk": 7, "fields": {"order": 6, "lesson": 4, "lesson_lineitem_total": "85.00"}}, {"model": "checkout.lessonlineitem", "pk": 8, "fields": {"order": 7, "lesson": 4, "lesson_lineitem_total": "85.00"}}, {"model": "checkout.lessonlineitem", "pk": 9, "fields": {"order": 8, "lesson": 4, "lesson_lineitem_total": "85.00"}}, {"model": "checkout.lessonlineitem", "pk": 10, "fields": {"order": 9, "lesson": 19, "lesson_lineitem_total": "55.00"}}, {"model": "checkout.lessonlineitem", "pk": 11, "fields": {"order": 10, "lesson": 19, "lesson_lineitem_total": "55.00"}}, {"model": "checkout.lessonlineitem", "pk": 12, "fields": {"order": 11, "lesson": 19, "lesson_lineitem_total": "55.00"}}, {"model": "checkout.lessonlineitem", "pk": 13, "fields": {"order": 12, "lesson": 19, "lesson_lineitem_total": "55.00"}}, {"model": "checkout.lessonlineitem", "pk": 14, "fields": {"order": 13, "lesson": 19, "lesson_lineitem_total": "55.00"}}, {"model": "checkout.lessonlineitem", "pk": 15, "fields": {"order": 16, "lesson": 19, "lesson_lineitem_total": "55.00"}}, {"model": "checkout.lessonlineitem", "pk": 16, "fields": {"order": 17, "lesson": 19, "lesson_lineitem_total": "55.00"}}, {"model": "checkout.lessonlineitem", "pk": 17, "fields": {"order": 18, "lesson": 19, "lesson_lineitem_total": "55.00"}}, {"model": "checkout.lessonlineitem", "pk": 18, "fields": {"order": 19, "lesson": 19, "lesson_lineitem_total": "55.00"}}, {"model": "checkout.lessonlineitem", "pk": 19, "fields": {"order": 21, "lesson": 19, "lesson_lineitem_total": "55.00"}}, {"model": "checkout.lessonlineitem", "pk": 20, "fields": {"order": 22, "lesson": 19, "lesson_lineitem_total": "55.00"}}, {"model": "checkout.lessonlineitem", "pk": 21, "fields": {"order": 23, "lesson": 19, "lesson_lineitem_total": "55.00"}}, {"model": "checkout.lessonlineitem", "pk": 22, "fields": {"order": 24, "lesson": 19, "lesson_lineitem_total": "55.00"}}, {"model": "lessons.classtype", "pk": 1, "fields": {"name": "beginner_group", "friendly_name": "beginner"}}, {"model": "lessons.classtype", "pk": 2, "fields": {"name": "intermediate_group", "friendly_name": "intermediate"}}, {"model": "lessons.classtype", "pk": 3, "fields": {"name": "advanced_group", "friendly_name": "advanced"}}, {"model": "lessons.classtype", "pk": 4, "fields": {"name": "private", "friendly_name": "private"}}, {"model": "lessons.lesson", "pk": 1, "fields": {"class_type": 1, "coach": 1, "description": "", "price": "35.00", "date": "2021-08-06", "time": "19:00:00", "spots": 4}}, {"model": "lessons.lesson", "pk": 2, "fields": {"class_type": 2, "coach": 2, "description": "", "price": "45.00", "date": "2021-08-04", "time": "19:00:00", "spots": 4}}, {"model": "lessons.lesson", "pk": 3, "fields": {"class_type": 3, "coach": 3, "description": "", "price": "55.00", "date": "2021-08-10", "time": "19:00:00", "spots": 4}}, {"model": "lessons.lesson", "pk": 4, "fields": {"class_type": 4, "coach": 4, "description": "", "price": "85.00", "date": "2021-08-15", "time": "19:00:00", "spots": 1}}, {"model": "lessons.lesson", "pk": 5, "fields": {"class_type": 1, "coach": 1, "description": "", "price": "35.00", "date": "2021-08-02", "time": "19:00:00", "spots": 4}}, {"model": "lessons.lesson", "pk": 6, "fields": {"class_type": 2, "coach": 2, "description": "", "price": "45.00", "date": "2021-08-11", "time": "19:00:00", "spots": 4}}, {"model": "lessons.lesson", "pk": 7, "fields": {"class_type": 3, "coach": 3, "description": "", "price": "55.00", "date": "2021-08-17", "time": "19:00:00", "spots": 4}}, {"model": "lessons.lesson", "pk": 8, "fields": {"class_type": 4, "coach": 4, "description": "", "price": "85.00", "date": "2021-08-22", "time": "19:00:00", "spots": 1}}, {"model": "lessons.lesson", "pk": 9, "fields": {"class_type": 1, "coach": 1, "description": "", "price": "35.00", "date": "2021-08-09", "time": "19:00:00", "spots": 4}}, {"model": "lessons.lesson", "pk": 10, "fields": {"class_type": 2, "coach": 2, "description": "", "price": "45.00", "date": "2021-08-18", "time": "19:00:00", "spots": 4}}, {"model": "lessons.lesson", "pk": 11, "fields": {"class_type": 3, "coach": 3, "description": "", "price": "55.00", "date": "2021-08-24", "time": "19:00:00", "spots": 4}}, {"model": "lessons.lesson", "pk": 12, "fields": {"class_type": 4, "coach": 4, "description": "", "price": "85.00", "date": "2021-08-29", "time": "19:00:00", "spots": 1}}, {"model": "lessons.lesson", "pk": 13, "fields": {"class_type": 1, "coach": 1, "description": "", "price": "35.00", "date": "2021-08-16", "time": "19:00:00", "spots": 4}}, {"model": "lessons.lesson", "pk": 14, "fields": {"class_type": 2, "coach": 2, "description": "", "price": "45.00", "date": "2021-08-25", "time": "19:00:00", "spots": 4}}, {"model": "lessons.lesson", "pk": 15, "fields": {"class_type": 3, "coach": 3, "description": "", "price": "55.00", "date": "2021-08-31", "time": "19:00:00", "spots": 4}}, {"model": "lessons.lesson", "pk": 16, "fields": {"class_type": 4, "coach": 4, "description": "", "price": "85.00", "date": "2021-08-05", "time": "19:00:00", "spots": 1}}, {"model": "lessons.lesson", "pk": 17, "fields": {"class_type": 1, "coach": 1, "description": "", "price": "35.00", "date": "2021-08-23", "time": "19:00:00", "spots": 4}}, {"model": "lessons.lesson", "pk": 18, "fields": {"class_type": 2, "coach": 2, "description": "", "price": "45.00", "date": "2021-08-28", "time": "19:00:00", "spots": 4}}, {"model": "lessons.lesson", "pk": 19, "fields": {"class_type": 3, "coach": 3, "description": "", "price": "55.00", "date": "2021-08-01", "time": "19:00:00", "spots": 4}}, {"model": "lessons.lesson", "pk": 20, "fields": {"class_type": 4, "coach": 4, "description": "", "price": "85.00", "date": "2021-08-12", "time": "19:00:00", "spots": 1}}, {"model": "lessons.lesson", "pk": 21, "fields": {"class_type": 1, "coach": 1, "description": "", "price": "35.00", "date": "2021-08-30", "time": "19:00:00", "spots": 4}}, {"model": "lessons.lesson", "pk": 22, "fields": {"class_type": 2, "coach": 2, "description": "", "price": "45.00", "date": "2021-08-29", "time": "19:00:00", "spots": 4}}, {"model": "lessons.lesson", "pk": 23, "fields": {"class_type": 3, "coach": 3, "description": "", "price": "55.00", "date": "2021-08-08", "time": "19:00:00", "spots": 4}}, {"model": "lessons.lesson", "pk": 24, "fields": {"class_type": 4, "coach": 4, "description": "", "price": "85.00", "date": "2021-08-19", "time": "19:00:00", "spots": 1}}, {"model": "lessons.lesson", "pk": 25, "fields": {"class_type": 1, "coach": 1, "description": "", "price": "35.00", "date": "2021-08-20", "time": "19:00:00", "spots": 4}}, {"model": "lessons.lesson", "pk": 26, "fields": {"class_type": 2, "coach": 2, "description": "", "price": "45.00", "date": "2021-08-03", "time": "19:00:00", "spots": 4}}, {"model": "lessons.lesson", "pk": 27, "fields": {"class_type": 3, "coach": 3, "description": "", "price": "55.00", "date": "2021-08-13", "time": "19:00:00", "spots": 4}}, {"model": "lessons.lesson", "pk": 28, "fields": {"class_type": 4, "coach": 4, "description": "", "price": "85.00", "date": "2021-08-19", "time": "19:00:00", "spots": 1}}, {"model": "profiles.userprofile", "pk": 1, "fields": {"user": 1, "default_phone_number": "12457", "default_street_address1": "12 street", "default_street_address2": null, "default_town_or_city": "london", "default_county": null, "default_postcode": "12347", "default_country": "US"}}, {"model": "profiles.userprofile", "pk": 2, "fields": {"user": 2, "default_phone_number": null, "default_street_address1": null, "default_street_address2": null, "default_town_or_city": null, "default_county": null, "default_postcode": null, "default_country": null}}, {"model": "profiles.userprofile", "pk": 3, "fields": {"user": 3, "default_phone_number": null, "default_street_address1": null, "default_street_address2": null, "default_town_or_city": null, "default_county": null, "default_postcode": null, "default_country": null}}, {"model": "profiles.userprofile", "pk": 4, "fields": {"user": 4, "default_phone_number": null, "default_street_address1": null, "default_street_address2": null, "default_town_or_city": null, "default_county": null, "default_postcode": null, "default_country": null}}, {"model": "profiles.userprofile", "pk": 5, "fields": {"user": 5, "default_phone_number": null, "default_street_address1": null, "default_street_address2": null, "default_town_or_city": null, "default_county": null, "default_postcode": null, "default_country": null}}, {"model": "coaches.coach", "pk": 1, "fields": {"first_name": "Stephanie", "last_name": "Sams", "email": "sameste1245@gmail.com", "phone_number": "1234568", "description": "Stephanie is a enthusiastic coach with over 15 years experience. She fuses technical, physical and mental aspects of the game to develop a player. Your session will be filled with fun while getting to grips with the vast content of the game. Please get in touch if you have any questions, Stephanie looks forward to meeting you!", "rating": null, "image": "stephanie_umxPare.jpg"}}, {"model": "coaches.coach", "pk": 2, "fields": {"first_name": "Sofia", "last_name": "Scap", "email": "akjoeia@gjoi.com", "phone_number": "16585915", "description": "Sofia is  a Health & Tennis Pro from Czech republic, with Swedish roots, in London since 2004. She is proactive, enthusiastic, and a positive individual who loves to show players how to achieve their potential through sound knowledge of tennis technique, tactics, physic & mental agility (TETAFIME). Sofia is associated w/ Lawn Tennis Assoc., Registro Profesional de Tennis, US Professional Tennis Association, and Czech Tennis Assoc. She will tailor sessions to everyone needs as each & every player vary.", "rating": null, "image": "sofia_fe7BpAB.jpg"}}, {"model": "coaches.coach", "pk": 3, "fields": {"first_name": "Samuel", "last_name": "Stevinson", "email": "kajoei@ghjao.com", "phone_number": "154959498", "description": "Samuel is a fun dynamic tennis coach with over 15 years experience. Samuel has worked in schools, abroad, parks, clubs and at the National Tennis centre. He loves meeting new people and genuinely has a passion for teaching and helping people improve. Through working at the National Centre Samuel was invited to become a schools tutor for the LTA. He has taught players that have represented their county and country and lots of complete beginners that now play and love the great game!", "rating": null, "image": "samuel_BPjxeb1.jpg"}}, {"model": "coaches.coach", "pk": 4, "fields": {"first_name": "Sergio", "last_name": "Suarez", "email": "kahoei@ghjoa.com", "phone_number": "5649498", "description": "Sergio is a professional coach with 25 years of experience. He has coached in USA where he obtained a BSC degree in PE and Health. Sergio has been coaching in UK since 2000 and enjoys playing still. He has played for GB seniors teams and is a former world champion in 2014. Sergio coaches beginners through to performance level.", "rating": null, "image": "sergio_Izftq0E.jpg"}}, {"model": "coaches.coach", "pk": 9, "fields": {"first_name": "jodaio", "last_name": "noio", "email": "3lkjo@gjo.com", "phone_number": "839759199537", "description": "hoijojieoi", "rating": null, "image": ""}}, {"model": "coaches.comment", "pk": 1, "fields": {"coach": 1, "author": 1, "comment": "The best coach ever!", "date": "2021-07-04", "stars": 5}}, {"model": "coaches.comment", "pk": 2, "fields": {"coach": 2, "author": 3, "comment": "Sofia is a great teacher. She really helped me with my serving and rallying. I feel 10x more confident on the court now!", "date": "2021-07-05", "stars": 5}}, {"model": "coaches.comment", "pk": 3, "fields": {"coach": 1, "author": 1, "comment": "bit weird but okay", "date": "2021-07-06", "stars": 2}}, {"model": "coaches.comment", "pk": 4, "fields": {"coach": 1, "author": 1, "comment": "She made me sooo much better at tennis!", "date": "2021-07-06", "stars": 4}}, {"model": "coaches.comment", "pk": 5, "fields": {"coach": 1, "author": 1, "comment": "Average coaching but i like samuel better", "date": "2021-07-06", "stars": 3}}, {"model": "coaches.comment", "pk": 6, "fields": {"coach": 1, "author": 1, "comment": "Very bad coach", "date": "2021-07-06", "stars": 1}}]