[{"model": "admin.logentry", "pk": 1, "fields": {"action_time": "2021-06-04T18:19:08.263Z", "user": 1, "content_type": 19, "object_id": "1", "object_repr": "beg-steph-mon-6", "action_flag": 1, "change_message": "[{\"added\": {}}]"}}, {"model": "admin.logentry", "pk": 2, "fields": {"action_time": "2021-06-04T18:19:34.349Z", "user": 1, "content_type": 19, "object_id": "2", "object_repr": "beg-steph-mon-6", "action_flag": 1, "change_message": "[{\"added\": {}}]"}}, {"model": "admin.logentry", "pk": 3, "fields": {"action_time": "2021-06-04T18:19:47.804Z", "user": 1, "content_type": 19, "object_id": "3", "object_repr": "beg-steph-mon-6", "action_flag": 1, "change_message": "[{\"added\": {}}]"}}, {"model": "admin.logentry", "pk": 4, "fields": {"action_time": "2021-06-04T18:20:00.173Z", "user": 1, "content_type": 19, "object_id": "4", "object_repr": "beg-steph-mon-6", "action_flag": 1, "change_message": "[{\"added\": {}}]"}}, {"model": "admin.logentry", "pk": 5, "fields": {"action_time": "2021-06-04T18:20:11.252Z", "user": 1, "content_type": 19, "object_id": "2", "object_repr": "beg-steph-mon-6", "action_flag": 2, "change_message": "[]"}}, {"model": "admin.logentry", "pk": 6, "fields": {"action_time": "2021-06-04T18:20:21.783Z", "user": 1, "content_type": 19, "object_id": "1", "object_repr": "beg-steph-mon-6", "action_flag": 2, "change_message": "[]"}}, {"model": "admin.logentry", "pk": 7, "fields": {"action_time": "2021-06-04T18:20:38.679Z", "user": 1, "content_type": 19, "object_id": "2", "object_repr": "beg-steph-mon-6", "action_flag": 2, "change_message": "[{\"changed\": {\"fields\": [\"Date\", \"Time\"]}}]"}}, {"model": "admin.logentry", "pk": 8, "fields": {"action_time": "2021-06-04T18:20:52.762Z", "user": 1, "content_type": 19, "object_id": "3", "object_repr": "beg-steph-mon-6", "action_flag": 2, "change_message": "[{\"changed\": {\"fields\": [\"Date\", \"Time\"]}}]"}}, {"model": "admin.logentry", "pk": 9, "fields": {"action_time": "2021-06-04T18:21:12.399Z", "user": 1, "content_type": 19, "object_id": "4", "object_repr": "beg-steph-mon-6", "action_flag": 2, "change_message": "[{\"changed\": {\"fields\": [\"Date\", \"Time\"]}}]"}}, {"model": "admin.logentry", "pk": 10, "fields": {"action_time": "2021-06-04T18:21:52.735Z", "user": 1, "content_type": 19, "object_id": "5", "object_repr": "int-serg-tue-7", "action_flag": 1, "change_message": "[{\"added\": {}}]"}}, {"model": "admin.logentry", "pk": 11, "fields": {"action_time": "2021-06-04T18:22:18.607Z", "user": 1, "content_type": 19, "object_id": "6", "object_repr": "int-serg-tue-7", "action_flag": 1, "change_message": "[{\"added\": {}}]"}}, {"model": "admin.logentry", "pk": 12, "fields": {"action_time": "2021-06-04T18:22:32.710Z", "user": 1, "content_type": 19, "object_id": "7", "object_repr": "int-serg-tue-7", "action_flag": 1, "change_message": "[{\"added\": {}}]"}}, {"model": "admin.logentry", "pk": 13, "fields": {"action_time": "2021-06-04T18:22:48.528Z", "user": 1, "content_type": 19, "object_id": "8", "object_repr": "int-serg-tue-7", "action_flag": 1, "change_message": "[{\"added\": {}}]"}}, {"model": "admin.logentry", "pk": 14, "fields": {"action_time": "2021-06-04T18:23:09.251Z", "user": 1, "content_type": 19, "object_id": "6", "object_repr": "int-serg-tue-7", "action_flag": 2, "change_message": "[{\"changed\": {\"fields\": [\"Date\"]}}]"}}, {"model": "admin.logentry", "pk": 15, "fields": {"action_time": "2021-06-04T18:23:18.711Z", "user": 1, "content_type": 19, "object_id": "7", "object_repr": "int-serg-tue-7", "action_flag": 2, "change_message": "[{\"changed\": {\"fields\": [\"Date\"]}}]"}}, {"model": "admin.logentry", "pk": 16, "fields": {"action_time": "2021-06-04T18:23:29.517Z", "user": 1, "content_type": 19, "object_id": "8", "object_repr": "int-serg-tue-7", "action_flag": 2, "change_message": "[{\"changed\": {\"fields\": [\"Date\"]}}]"}}, {"model": "admin.logentry", "pk": 17, "fields": {"action_time": "2021-06-04T18:24:23.818Z", "user": 1, "content_type": 19, "object_id": "9", "object_repr": "adv-sam-wed-7", "action_flag": 1, "change_message": "[{\"added\": {}}]"}}, {"model": "admin.logentry", "pk": 18, "fields": {"action_time": "2021-06-04T18:24:50.220Z", "user": 1, "content_type": 19, "object_id": "10", "object_repr": "adv-sam-wed-7", "action_flag": 1, "change_message": "[{\"added\": {}}]"}}, {"model": "admin.logentry", "pk": 19, "fields": {"action_time": "2021-06-04T18:25:05.610Z", "user": 1, "content_type": 19, "object_id": "11", "object_repr": "adv-sam-wed-7", "action_flag": 1, "change_message": "[{\"added\": {}}]"}}, {"model": "admin.logentry", "pk": 20, "fields": {"action_time": "2021-06-04T18:25:25.084Z", "user": 1, "content_type": 19, "object_id": "12", "object_repr": "adv-sam-wed-7", "action_flag": 1, "change_message": "[{\"added\": {}}]"}}, {"model": "admin.logentry", "pk": 21, "fields": {"action_time": "2021-06-04T18:25:41.116Z", "user": 1, "content_type": 19, "object_id": "9", "object_repr": "adv-sam-wed-7", "action_flag": 2, "change_message": "[{\"changed\": {\"fields\": [\"Time\"]}}]"}}, {"model": "admin.logentry", "pk": 22, "fields": {"action_time": "2021-06-04T18:25:53.313Z", "user": 1, "content_type": 19, "object_id": "10", "object_repr": "adv-sam-wed-7", "action_flag": 2, "change_message": "[{\"changed\": {\"fields\": [\"Date\"]}}]"}}, {"model": "admin.logentry", "pk": 23, "fields": {"action_time": "2021-06-04T18:26:03.096Z", "user": 1, "content_type": 19, "object_id": "11", "object_repr": "adv-sam-wed-7", "action_flag": 2, "change_message": "[{\"changed\": {\"fields\": [\"Date\"]}}]"}}, {"model": "admin.logentry", "pk": 24, "fields": {"action_time": "2021-06-04T18:26:14.291Z", "user": 1, "content_type": 19, "object_id": "12", "object_repr": "adv-sam-wed-7", "action_flag": 2, "change_message": "[{\"changed\": {\"fields\": [\"Date\"]}}]"}}, {"model": "admin.logentry", "pk": 25, "fields": {"action_time": "2021-06-04T18:27:05.708Z", "user": 1, "content_type": 19, "object_id": "13", "object_repr": "priv-sop-thur-7", "action_flag": 1, "change_message": "[{\"added\": {}}]"}}, {"model": "admin.logentry", "pk": 26, "fields": {"action_time": "2021-06-04T18:27:26.004Z", "user": 1, "content_type": 19, "object_id": "14", "object_repr": "priv-sop-thur-7", "action_flag": 1, "change_message": "[{\"added\": {}}]"}}, {"model": "admin.logentry", "pk": 27, "fields": {"action_time": "2021-06-04T18:27:42.878Z", "user": 1, "content_type": 19, "object_id": "15", "object_repr": "priv-sop-thur-7", "action_flag": 1, "change_message": "[{\"added\": {}}]"}}, {"model": "admin.logentry", "pk": 28, "fields": {"action_time": "2021-06-04T18:28:07.884Z", "user": 1, "content_type": 19, "object_id": "16", "object_repr": "priv-sop-thur-7", "action_flag": 1, "change_message": "[{\"added\": {}}]"}}, {"model": "admin.logentry", "pk": 29, "fields": {"action_time": "2021-06-04T21:26:26.649Z", "user": 1, "content_type": 19, "object_id": "14", "object_repr": "priv-sop-thur-7", "action_flag": 2, "change_message": "[{\"changed\": {\"fields\": [\"Date\"]}}]"}}, {"model": "admin.logentry", "pk": 30, "fields": {"action_time": "2021-06-04T21:26:38.896Z", "user": 1, "content_type": 19, "object_id": "15", "object_repr": "priv-sop-thur-7", "action_flag": 2, "change_message": "[{\"changed\": {\"fields\": [\"Date\"]}}]"}}, {"model": "admin.logentry", "pk": 31, "fields": {"action_time": "2021-06-04T21:26:52.285Z", "user": 1, "content_type": 19, "object_id": "16", "object_repr": "priv-sop-thur-7", "action_flag": 2, "change_message": "[{\"changed\": {\"fields\": [\"Date\"]}}]"}}, {"model": "admin.logentry", "pk": 32, "fields": {"action_time": "2021-06-04T21:27:48.339Z", "user": 1, "content_type": 19, "object_id": "17", "object_repr": "beg-serg-fri-7", "action_flag": 1, "change_message": "[{\"added\": {}}]"}}, {"model": "admin.logentry", "pk": 33, "fields": {"action_time": "2021-06-04T21:28:03.719Z", "user": 1, "content_type": 19, "object_id": "18", "object_repr": "beg-serg-fri-7", "action_flag": 1, "change_message": "[{\"added\": {}}]"}}, {"model": "admin.logentry", "pk": 34, "fields": {"action_time": "2021-06-04T21:28:22.301Z", "user": 1, "content_type": 19, "object_id": "19", "object_repr": "beg-serg-fri-7", "action_flag": 1, "change_message": "[{\"added\": {}}]"}}, {"model": "admin.logentry", "pk": 35, "fields": {"action_time": "2021-06-04T21:28:45.002Z", "user": 1, "content_type": 19, "object_id": "20", "object_repr": "beg-serg-fri-7", "action_flag": 1, "change_message": "[{\"added\": {}}]"}}, {"model": "admin.logentry", "pk": 36, "fields": {"action_time": "2021-06-04T21:29:00.925Z", "user": 1, "content_type": 19, "object_id": "17", "object_repr": "beg-serg-fri-7", "action_flag": 2, "change_message": "[{\"changed\": {\"fields\": [\"Date\"]}}]"}}, {"model": "admin.logentry", "pk": 37, "fields": {"action_time": "2021-06-04T21:29:13.374Z", "user": 1, "content_type": 19, "object_id": "18", "object_repr": "beg-serg-fri-7", "action_flag": 2, "change_message": "[{\"changed\": {\"fields\": [\"Date\"]}}]"}}, {"model": "admin.logentry", "pk": 38, "fields": {"action_time": "2021-06-04T21:29:33.766Z", "user": 1, "content_type": 19, "object_id": "19", "object_repr": "beg-serg-fri-7", "action_flag": 2, "change_message": "[{\"changed\": {\"fields\": [\"Date\"]}}]"}}, {"model": "admin.logentry", "pk": 39, "fields": {"action_time": "2021-06-04T21:29:48.565Z", "user": 1, "content_type": 19, "object_id": "20", "object_repr": "beg-serg-fri-7", "action_flag": 2, "change_message": "[{\"changed\": {\"fields\": [\"Date\"]}}]"}}, {"model": "admin.logentry", "pk": 40, "fields": {"action_time": "2021-06-04T21:30:56.222Z", "user": 1, "content_type": 19, "object_id": "21", "object_repr": "int-sam-sat-12", "action_flag": 1, "change_message": "[{\"added\": {}}]"}}, {"model": "admin.logentry", "pk": 41, "fields": {"action_time": "2021-06-04T21:31:25.262Z", "user": 1, "content_type": 19, "object_id": "22", "object_repr": "int-sam-sat-13", "action_flag": 1, "change_message": "[{\"added\": {}}]"}}, {"model": "admin.logentry", "pk": 42, "fields": {"action_time": "2021-06-04T21:31:53.683Z", "user": 1, "content_type": 19, "object_id": "23", "object_repr": "int-sam-sat-3", "action_flag": 1, "change_message": "[{\"added\": {}}]"}}, {"model": "admin.logentry", "pk": 43, "fields": {"action_time": "2021-06-04T21:32:26.606Z", "user": 1, "content_type": 19, "object_id": "24", "object_repr": "int-sam-sat-14", "action_flag": 1, "change_message": "[{\"added\": {}}]"}}, {"model": "admin.logentry", "pk": 44, "fields": {"action_time": "2021-06-04T21:45:17.231Z", "user": 1, "content_type": 21, "object_id": "4", "object_repr": "Sophia", "action_flag": 2, "change_message": "[{\"changed\": {\"fields\": [\"Image\"]}}]"}}, {"model": "admin.logentry", "pk": 45, "fields": {"action_time": "2021-06-04T21:45:30.876Z", "user": 1, "content_type": 21, "object_id": "1", "object_repr": "Stephanie", "action_flag": 2, "change_message": "[{\"changed\": {\"fields\": [\"Image\"]}}]"}}, {"model": "admin.logentry", "pk": 46, "fields": {"action_time": "2021-06-04T21:45:43.763Z", "user": 1, "content_type": 21, "object_id": "2", "object_repr": "Sergio", "action_flag": 2, "change_message": "[{\"changed\": {\"fields\": [\"Image\"]}}]"}}, {"model": "admin.logentry", "pk": 47, "fields": {"action_time": "2021-06-04T21:45:58.665Z", "user": 1, "content_type": 21, "object_id": "3", "object_repr": "Samuel", "action_flag": 2, "change_message": "[{\"changed\": {\"fields\": [\"Image\"]}}]"}}, {"model": "admin.logentry", "pk": 48, "fields": {"action_time": "2021-06-30T10:45:26.227Z", "user": 1, "content_type": 8, "object_id": "1", "object_repr": "akjeo@gjoi.com", "action_flag": 2, "change_message": "[{\"changed\": {\"fields\": [\"Verified\", \"Primary\"]}}]"}}, {"model": "admin.logentry", "pk": 49, "fields": {"action_time": "2021-06-30T11:16:14.448Z", "user": 1, "content_type": 14, "object_id": "1", "object_repr": "Wimbledon Tennis Balls", "action_flag": 2, "change_message": "[{\"changed\": {\"fields\": [\"Image\"]}}]"}}, {"model": "admin.logentry", "pk": 50, "fields": {"action_time": "2021-06-30T13:38:36.470Z", "user": 1, "content_type": 21, "object_id": "5", "object_repr": "ijoi", "action_flag": 2, "change_message": "[{\"changed\": {\"fields\": [\"Image url\", \"Image\"]}}]"}}, {"model": "admin.logentry", "pk": 51, "fields": {"action_time": "2021-06-30T13:40:40.629Z", "user": 1, "content_type": 21, "object_id": "5", "object_repr": "ijoi", "action_flag": 2, "change_message": "[]"}}, {"model": "admin.logentry", "pk": 52, "fields": {"action_time": "2021-06-30T14:47:31.756Z", "user": 1, "content_type": 21, "object_id": "1", "object_repr": "Stephanie", "action_flag": 2, "change_message": "[{\"changed\": {\"fields\": [\"Image\"]}}]"}}, {"model": "admin.logentry", "pk": 53, "fields": {"action_time": "2021-07-01T15:43:15.781Z", "user": 1, "content_type": 22, "object_id": "1", "object_repr": "Comment about Stephanie by adminkeeks", "action_flag": 1, "change_message": "[{\"added\": {}}]"}}, {"model": "auth.permission", "pk": 1, "fields": {"name": "Can add log entry", "content_type": 1, "codename": "add_logentry"}}, {"model": "auth.permission", "pk": 2, "fields": {"name": "Can change log entry", "content_type": 1, "codename": "change_logentry"}}, {"model": "auth.permission", "pk": 3, "fields": {"name": "Can delete log entry", "content_type": 1, "codename": "delete_logentry"}}, {"model": "auth.permission", "pk": 4, "fields": {"name": "Can view log entry", "content_type": 1, "codename": "view_logentry"}}, {"model": "auth.permission", "pk": 5, "fields": {"name": "Can add permission", "content_type": 2, "codename": "add_permission"}}, {"model": "auth.permission", "pk": 6, "fields": {"name": "Can change permission", "content_type": 2, "codename": "change_permission"}}, {"model": "auth.permission", "pk": 7, "fields": {"name": "Can delete permission", "content_type": 2, "codename": "delete_permission"}}, {"model": "auth.permission", "pk": 8, "fields": {"name": "Can view permission", "content_type": 2, "codename": "view_permission"}}, {"model": "auth.permission", "pk": 9, "fields": {"name": "Can add group", "content_type": 3, "codename": "add_group"}}, {"model": "auth.permission", "pk": 10, "fields": {"name": "Can change group", "content_type": 3, "codename": "change_group"}}, {"model": "auth.permission", "pk": 11, "fields": {"name": "Can delete group", "content_type": 3, "codename": "delete_group"}}, {"model": "auth.permission", "pk": 12, "fields": {"name": "Can view group", "content_type": 3, "codename": "view_group"}}, {"model": "auth.permission", "pk": 13, "fields": {"name": "Can add user", "content_type": 4, "codename": "add_user"}}, {"model": "auth.permission", "pk": 14, "fields": {"name": "Can change user", "content_type": 4, "codename": "change_user"}}, {"model": "auth.permission", "pk": 15, "fields": {"name": "Can delete user", "content_type": 4, "codename": "delete_user"}}, {"model": "auth.permission", "pk": 16, "fields": {"name": "Can view user", "content_type": 4, "codename": "view_user"}}, {"model": "auth.permission", "pk": 17, "fields": {"name": "Can add content type", "content_type": 5, "codename": "add_contenttype"}}, {"model": "auth.permission", "pk": 18, "fields": {"name": "Can change content type", "content_type": 5, "codename": "change_contenttype"}}, {"model": "auth.permission", "pk": 19, "fields": {"name": "Can delete content type", "content_type": 5, "codename": "delete_contenttype"}}, {"model": "auth.permission", "pk": 20, "fields": {"name": "Can view content type", "content_type": 5, "codename": "view_contenttype"}}, {"model": "auth.permission", "pk": 21, "fields": {"name": "Can add session", "content_type": 6, "codename": "add_session"}}, {"model": "auth.permission", "pk": 22, "fields": {"name": "Can change session", "content_type": 6, "codename": "change_session"}}, {"model": "auth.permission", "pk": 23, "fields": {"name": "Can delete session", "content_type": 6, "codename": "delete_session"}}, {"model": "auth.permission", "pk": 24, "fields": {"name": "Can view session", "content_type": 6, "codename": "view_session"}}, {"model": "auth.permission", "pk": 25, "fields": {"name": "Can add site", "content_type": 7, "codename": "add_site"}}, {"model": "auth.permission", "pk": 26, "fields": {"name": "Can change site", "content_type": 7, "codename": "change_site"}}, {"model": "auth.permission", "pk": 27, "fields": {"name": "Can delete site", "content_type": 7, "codename": "delete_site"}}, {"model": "auth.permission", "pk": 28, "fields": {"name": "Can view site", "content_type": 7, "codename": "view_site"}}, {"model": "auth.permission", "pk": 29, "fields": {"name": "Can add email address", "content_type": 8, "codename": "add_emailaddress"}}, {"model": "auth.permission", "pk": 30, "fields": {"name": "Can change email address", "content_type": 8, "codename": "change_emailaddress"}}, {"model": "auth.permission", "pk": 31, "fields": {"name": "Can delete email address", "content_type": 8, "codename": "delete_emailaddress"}}, {"model": "auth.permission", "pk": 32, "fields": {"name": "Can view email address", "content_type": 8, "codename": "view_emailaddress"}}, {"model": "auth.permission", "pk": 33, "fields": {"name": "Can add email confirmation", "content_type": 9, "codename": "add_emailconfirmation"}}, {"model": "auth.permission", "pk": 34, "fields": {"name": "Can change email confirmation", "content_type": 9, "codename": "change_emailconfirmation"}}, {"model": "auth.permission", "pk": 35, "fields": {"name": "Can delete email confirmation", "content_type": 9, "codename": "delete_emailconfirmation"}}, {"model": "auth.permission", "pk": 36, "fields": {"name": "Can view email confirmation", "content_type": 9, "codename": "view_emailconfirmation"}}, {"model": "auth.permission", "pk": 37, "fields": {"name": "Can add social application", "content_type": 10, "codename": "add_socialapp"}}, {"model": "auth.permission", "pk": 38, "fields": {"name": "Can change social application", "content_type": 10, "codename": "change_socialapp"}}, {"model": "auth.permission", "pk": 39, "fields": {"name": "Can delete social application", "content_type": 10, "codename": "delete_socialapp"}}, {"model": "auth.permission", "pk": 40, "fields": {"name": "Can view social application", "content_type": 10, "codename": "view_socialapp"}}, {"model": "auth.permission", "pk": 41, "fields": {"name": "Can add social account", "content_type": 11, "codename": "add_socialaccount"}}, {"model": "auth.permission", "pk": 42, "fields": {"name": "Can change social account", "content_type": 11, "codename": "change_socialaccount"}}, {"model": "auth.permission", "pk": 43, "fields": {"name": "Can delete social account", "content_type": 11, "codename": "delete_socialaccount"}}, {"model": "auth.permission", "pk": 44, "fields": {"name": "Can view social account", "content_type": 11, "codename": "view_socialaccount"}}, {"model": "auth.permission", "pk": 45, "fields": {"name": "Can add social application token", "content_type": 12, "codename": "add_socialtoken"}}, {"model": "auth.permission", "pk": 46, "fields": {"name": "Can change social application token", "content_type": 12, "codename": "change_socialtoken"}}, {"model": "auth.permission", "pk": 47, "fields": {"name": "Can delete social application token", "content_type": 12, "codename": "delete_socialtoken"}}, {"model": "auth.permission", "pk": 48, "fields": {"name": "Can view social application token", "content_type": 12, "codename": "view_socialtoken"}}, {"model": "auth.permission", "pk": 49, "fields": {"name": "Can add category", "content_type": 13, "codename": "add_category"}}, {"model": "auth.permission", "pk": 50, "fields": {"name": "Can change category", "content_type": 13, "codename": "change_category"}}, {"model": "auth.permission", "pk": 51, "fields": {"name": "Can delete category", "content_type": 13, "codename": "delete_category"}}, {"model": "auth.permission", "pk": 52, "fields": {"name": "Can view category", "content_type": 13, "codename": "view_category"}}, {"model": "auth.permission", "pk": 53, "fields": {"name": "Can add product", "content_type": 14, "codename": "add_product"}}, {"model": "auth.permission", "pk": 54, "fields": {"name": "Can change product", "content_type": 14, "codename": "change_product"}}, {"model": "auth.permission", "pk": 55, "fields": {"name": "Can delete product", "content_type": 14, "codename": "delete_product"}}, {"model": "auth.permission", "pk": 56, "fields": {"name": "Can view product", "content_type": 14, "codename": "view_product"}}, {"model": "auth.permission", "pk": 57, "fields": {"name": "Can add order", "content_type": 15, "codename": "add_order"}}, {"model": "auth.permission", "pk": 58, "fields": {"name": "Can change order", "content_type": 15, "codename": "change_order"}}, {"model": "auth.permission", "pk": 59, "fields": {"name": "Can delete order", "content_type": 15, "codename": "delete_order"}}, {"model": "auth.permission", "pk": 60, "fields": {"name": "Can view order", "content_type": 15, "codename": "view_order"}}, {"model": "auth.permission", "pk": 61, "fields": {"name": "Can add order line item", "content_type": 16, "codename": "add_orderlineitem"}}, {"model": "auth.permission", "pk": 62, "fields": {"name": "Can change order line item", "content_type": 16, "codename": "change_orderlineitem"}}, {"model": "auth.permission", "pk": 63, "fields": {"name": "Can delete order line item", "content_type": 16, "codename": "delete_orderlineitem"}}, {"model": "auth.permission", "pk": 64, "fields": {"name": "Can view order line item", "content_type": 16, "codename": "view_orderlineitem"}}, {"model": "auth.permission", "pk": 65, "fields": {"name": "Can add lesson line item", "content_type": 17, "codename": "add_lessonlineitem"}}, {"model": "auth.permission", "pk": 66, "fields": {"name": "Can change lesson line item", "content_type": 17, "codename": "change_lessonlineitem"}}, {"model": "auth.permission", "pk": 67, "fields": {"name": "Can delete lesson line item", "content_type": 17, "codename": "delete_lessonlineitem"}}, {"model": "auth.permission", "pk": 68, "fields": {"name": "Can view lesson line item", "content_type": 17, "codename": "view_lessonlineitem"}}, {"model": "auth.permission", "pk": 69, "fields": {"name": "Can add class type", "content_type": 18, "codename": "add_classtype"}}, {"model": "auth.permission", "pk": 70, "fields": {"name": "Can change class type", "content_type": 18, "codename": "change_classtype"}}, {"model": "auth.permission", "pk": 71, "fields": {"name": "Can delete class type", "content_type": 18, "codename": "delete_classtype"}}, {"model": "auth.permission", "pk": 72, "fields": {"name": "Can view class type", "content_type": 18, "codename": "view_classtype"}}, {"model": "auth.permission", "pk": 73, "fields": {"name": "Can add lesson", "content_type": 19, "codename": "add_lesson"}}, {"model": "auth.permission", "pk": 74, "fields": {"name": "Can change lesson", "content_type": 19, "codename": "change_lesson"}}, {"model": "auth.permission", "pk": 75, "fields": {"name": "Can delete lesson", "content_type": 19, "codename": "delete_lesson"}}, {"model": "auth.permission", "pk": 76, "fields": {"name": "Can view lesson", "content_type": 19, "codename": "view_lesson"}}, {"model": "auth.permission", "pk": 77, "fields": {"name": "Can add user profile", "content_type": 20, "codename": "add_userprofile"}}, {"model": "auth.permission", "pk": 78, "fields": {"name": "Can change user profile", "content_type": 20, "codename": "change_userprofile"}}, {"model": "auth.permission", "pk": 79, "fields": {"name": "Can delete user profile", "content_type": 20, "codename": "delete_userprofile"}}, {"model": "auth.permission", "pk": 80, "fields": {"name": "Can view user profile", "content_type": 20, "codename": "view_userprofile"}}, {"model": "auth.permission", "pk": 81, "fields": {"name": "Can add coach", "content_type": 21, "codename": "add_coach"}}, {"model": "auth.permission", "pk": 82, "fields": {"name": "Can change coach", "content_type": 21, "codename": "change_coach"}}, {"model": "auth.permission", "pk": 83, "fields": {"name": "Can delete coach", "content_type": 21, "codename": "delete_coach"}}, {"model": "auth.permission", "pk": 84, "fields": {"name": "Can view coach", "content_type": 21, "codename": "view_coach"}}, {"model": "auth.permission", "pk": 85, "fields": {"name": "Can add comment", "content_type": 22, "codename": "add_comment"}}, {"model": "auth.permission", "pk": 86, "fields": {"name": "Can change comment", "content_type": 22, "codename": "change_comment"}}, {"model": "auth.permission", "pk": 87, "fields": {"name": "Can delete comment", "content_type": 22, "codename": "delete_comment"}}, {"model": "auth.permission", "pk": 88, "fields": {"name": "Can view comment", "content_type": 22, "codename": "view_comment"}}, {"model": "auth.user", "pk": 1, "fields": {"password": "pbkdf2_sha256$260000$HUvpFlRWdos7ihEX4QinEf$X47ds/JUu64rA6r4SKA1ysRSmtPETXlAmVfK4nf8Br4=", "last_login": "2021-07-02T15:12:25.732Z", "is_superuser": true, "username": "adminkeeks", "first_name": "", "last_name": "", "email": "akjeo@gjoi.com", "is_staff": true, "is_active": true, "date_joined": "2021-06-04T18:14:39.772Z", "groups": [], "user_permissions": []}}, {"model": "contenttypes.contenttype", "pk": 1, "fields": {"app_label": "admin", "model": "logentry"}}, {"model": "contenttypes.contenttype", "pk": 2, "fields": {"app_label": "auth", "model": "permission"}}, {"model": "contenttypes.contenttype", "pk": 3, "fields": {"app_label": "auth", "model": "group"}}, {"model": "contenttypes.contenttype", "pk": 4, "fields": {"app_label": "auth", "model": "user"}}, {"model": "contenttypes.contenttype", "pk": 5, "fields": {"app_label": "contenttypes", "model": "contenttype"}}, {"model": "contenttypes.contenttype", "pk": 6, "fields": {"app_label": "sessions", "model": "session"}}, {"model": "contenttypes.contenttype", "pk": 7, "fields": {"app_label": "sites", "model": "site"}}, {"model": "contenttypes.contenttype", "pk": 8, "fields": {"app_label": "account", "model": "emailaddress"}}, {"model": "contenttypes.contenttype", "pk": 9, "fields": {"app_label": "account", "model": "emailconfirmation"}}, {"model": "contenttypes.contenttype", "pk": 10, "fields": {"app_label": "socialaccount", "model": "socialapp"}}, {"model": "contenttypes.contenttype", "pk": 11, "fields": {"app_label": "socialaccount", "model": "socialaccount"}}, {"model": "contenttypes.contenttype", "pk": 12, "fields": {"app_label": "socialaccount", "model": "socialtoken"}}, {"model": "contenttypes.contenttype", "pk": 13, "fields": {"app_label": "products", "model": "category"}}, {"model": "contenttypes.contenttype", "pk": 14, "fields": {"app_label": "products", "model": "product"}}, {"model": "contenttypes.contenttype", "pk": 15, "fields": {"app_label": "checkout", "model": "order"}}, {"model": "contenttypes.contenttype", "pk": 16, "fields": {"app_label": "checkout", "model": "orderlineitem"}}, {"model": "contenttypes.contenttype", "pk": 17, "fields": {"app_label": "checkout", "model": "lessonlineitem"}}, {"model": "contenttypes.contenttype", "pk": 18, "fields": {"app_label": "lessons", "model": "classtype"}}, {"model": "contenttypes.contenttype", "pk": 19, "fields": {"app_label": "lessons", "model": "lesson"}}, {"model": "contenttypes.contenttype", "pk": 20, "fields": {"app_label": "profiles", "model": "userprofile"}}, {"model": "contenttypes.contenttype", "pk": 21, "fields": {"app_label": "coaches", "model": "coach"}}, {"model": "contenttypes.contenttype", "pk": 22, "fields": {"app_label": "coaches", "model": "comment"}}, {"model": "sessions.session", "pk": "bpercobadwjk075q3bcdvgkwqbis0tgf", "fields": {"session_data": ".eJxVjMEOwiAQBf-FsyGwUCk9evcbyMKCRQ00pU00xn_XJj3o9c28eTGH6zK6tcXZZWIDk-zwu3kMt1g2QFcsl8pDLcucPd8UvtPGz5Xi_bS7f4ER2_h9g8UuAAntlScJWoPXxtg-dMIA9ZTQqGAjRDQojZJJKGWhlzIcU4AubdEWW8u1uPiY8vxkg3h_AG_uPqQ:1lzKye:GuK4HaUuiSPza2CFWuhhCqjUQ0EnWueWNBIBau6uMWI", "expire_date": "2021-07-16T15:21:12.746Z"}}, {"model": "sessions.session", "pk": "d5o00v8egpvf9syvvt246piw0yrb0odm", "fields": {"session_data": ".eJxVjjsOgzAQRO-yNUJef2KgTJ8zWOsfOIkgwiAlQtw9RqKhmWLmzWg2MDnknKbRhO8nzT_oWAWG1mUwaw6zSR46QLh4ltwrjEfgnzT2U-2mcZmTrQ-kPtNcPyYf3veTvQwMlIfS5i0pxz2TVliPXEpupdZt4xTT3Dc-khauDTyQJtQCIxOi5Q2iu0XHVSyj73K-fLfUQ7cBKuiwAll03_9M1kaH:1lybUx:e8hbnYEYWlzRFTftvVS3reQLYKxDafQFLjuOpMbQDIs", "expire_date": "2021-07-14T14:47:31.985Z"}}, {"model": "sessions.session", "pk": "tnmd2jzf8w5h05wekl1mv60gvpyv1my7", "fields": {"session_data": ".eJxVjMsOwiAUBf_lrhvCq1JYuvcbyOVlUQOmtImm6b9rky50e2bOrGBxmUe7tDjZHMAAg-53c-jvsewg3LBcK_G1zFN2ZFfIQRu51BAf58P9C4zYxu-ba-w9D1Q64QLjUnInldKD76niYQgJlfA68ogKmRIsUSE0Hxjzp-R5n_Zoi63lWmx8PfP0BkM7cHgFs4IAw7btA_UVQlI:1m03Or:RQU_cSy3oLnyHObs__spEZyYS2rqc7DW2zqsagOKtvo", "expire_date": "2021-07-18T14:47:13.657Z"}}, {"model": "sessions.session", "pk": "u6g4e1df6wbskudl2ggxac6bghec583l", "fields": {"session_data": ".eJxVjEsOAiEQBe_C2hBoQMCl-zkDabrBGTWQzGdlvLtOMgvdvqp6L5FwW8e0LWVOE4uL0OL0u2WkR2k74Du2W5fU2zpPWe6KPOgih87leT3cv4MRl_FbQ0RHwMpmk1mDtZCt9zGQUx44cEVvKBYo6FF7o6syJkLQms6VwFXx_gDRjDdn:1lpHde:x178iRj1OCn_crIZkjECD0skT-x_9b-ZAM0HsjT-J0Y", "expire_date": "2021-06-18T21:45:58.846Z"}}, {"model": "sites.site", "pk": 1, "fields": {"domain": "example.com", "name": "example.com"}}, {"model": "account.emailaddress", "pk": 1, "fields": {"user": 1, "email": "akjeo@gjoi.com", "verified": true, "primary": true}}, {"model": "products.category", "pk": 1, "fields": {"name": "rackets", "friendly_name": "Tennis Rackets"}}, {"model": "products.category", "pk": 2, "fields": {"name": "balls", "friendly_name": "Tennis Balls"}}, {"model": "products.category", "pk": 3, "fields": {"name": "bags", "friendly_name": "Tennis Racket Bags"}}, {"model": "products.product", "pk": 1, "fields": {"category": 2, "sku": "0528101", "name": "Wimbledon Tennis Balls", "description": "Slazenger tennis balls have been used on the hallowed turf of the All England Club since 1902 and with the latest Wimbledon ball, Slazenger have created the world’s ultimate performance tennis ball. Sold in a 4 ball tin.", "price": "6.50", "rating": "4.50", "image_url": null, "image": "74505313_l_BVHsTNA.jpg", "has_sizes": false}}, {"model": "products.product", "pk": 2, "fields": {"category": 2, "sku": "0528102", "name": "Club All Court Tennis Balls", "description": "Club All Court Tennis Ball is ideal across all playing surfaces, offering consistent play.", "price": "3.00", "rating": "4.25", "image_url": null, "image": "74501013_l.jpg", "has_sizes": false}}, {"model": "products.product", "pk": 3, "fields": {"category": 2, "sku": "0528103", "name": "HEAD Tour Tennis Balls", "description": "The HEAD Tour Tennis Balls have been designed with Encore technology and SmartOptik for better durability and visibility. These HEAD tennis balls are design for play on a huge range of courts, made made polymers to the core that limits the softening, resulting in the ball staying fresher for longer.", "price": "4.99", "rating": "4.75", "image_url": null, "image": "74508313_a.jpg", "has_sizes": false}}, {"model": "products.product", "pk": 4, "fields": {"category": 2, "sku": "0528104", "name": "DUNLOP Australian Open Tennis Balls", "description": "The Dunlop Australian Open Tennis Balls have been crafted with a HD core with HD Pro cloth outer that allows you to take your game to the next level, completed with the Dunlop branding.", "price": "4.99", "rating": "4.00", "image_url": null, "image": "74506513_c.jpg", "has_sizes": false}}, {"model": "products.product", "pk": 5, "fields": {"category": 2, "sku": "0528105", "name": "WILSON TP Tennis Balls", "description": "The Wilson TP Tennis Balls is a superb choice for matches and training sessions, with a durable felt construction and a premium quality finish.", "price": "3.00", "rating": "3.50", "image_url": null, "image": "77933413_g.jpg", "has_sizes": false}}, {"model": "products.product", "pk": 6, "fields": {"category": 2, "sku": "0528106", "name": "WILSON Ultra Club All Court Tennis Balls", "description": "The Wilson Ultra Club All Court Tennis Balls are perfectly suited for play on all court surface types, crafted with a tight, durable weave that also offers high visibility, completed with the Wilson branding.", "price": "5.00", "rating": "3.75", "image_url": null, "image": "77933613_e.jpg", "has_sizes": false}}, {"model": "products.product", "pk": 7, "fields": {"category": 2, "sku": "0528107", "name": "WILSON Tennis Ball 4 Pack", "description": "As used on the courts of Roland-Garros, this Wilson Tennis Ball 4 Pack provides long-lasting performance on all surfaces, while its woven felt exterior resists moisture to ensure a consistent flight.", "price": "5.99", "rating": "4.30", "image_url": null, "image": "74508913_g.jpg", "has_sizes": false}}, {"model": "products.product", "pk": 8, "fields": {"category": 3, "sku": "0528200", "name": "BABOLAT 3 Racket Bag", "description": "The Babolat Club 3 Racket Bag has been designed with a zip fastening main compartment with space for up to three rackets along with additional pocket to the side, grab handles and a carry strap allows for easy transportation, completed with the Babolat branding.", "price": "19.99", "rating": "3.15", "image_url": null, "image": "34608124_l.jpg", "has_sizes": false}}, {"model": "products.product", "pk": 9, "fields": {"category": 3, "sku": "0528201", "name": "WILSON Advantage III Triple Racket Bag", "description": "The Wilson Advantage III Triple Racket Bag has been designed with a zip fastening main compartment with space for up to three rackets along with additional pockets to the sides, grab handles and a carry strap allows for easy transportation, completed with the Wilson branding.", "price": "17.99", "rating": "3.80", "image_url": null, "image": "24613044_l.jpg", "has_sizes": false}}, {"model": "products.product", "pk": 10, "fields": {"category": 3, "sku": "0528202", "name": "BABOLAT Club Backpack", "description": "The Babolat Club Backpack is perfect for both everyday use and training sessions, crafted with a zip fastening main compartment along with additional pockets for all the essentials, a grab handle and padded shoulder straps allow for comfortable transportation, completed with the Babolat branding", "price": "19.99", "rating": "3.40", "image_url": null, "image": "44601624_l.jpg", "has_sizes": false}}, {"model": "products.product", "pk": 11, "fields": {"category": 3, "sku": "0528203", "name": "WILSON Tennis Head Cover", "description": "This Wilson Ten Head Cover is ideal for carrying your racket to matches easily thanks to its full zip fastening and adjustable carry handle.", "price": "4.99", "rating": "3.00", "image_url": null, "image": "14603503_l.jpg", "has_sizes": false}}, {"model": "products.product", "pk": 12, "fields": {"category": 3, "sku": "0528204", "name": "WILSON Spr Tour 9Pk PS 13", "description": "Hold all your favourite rackets in one place with this Wilson Advantage III Six Racket Bag. With 2 compartments and 1 side compartment, this bag can hold up to 6 rackets and features both a grab handle and single shoulder strap. Wilson branding completes the design.", "price": "79.99", "rating": "3.80", "image_url": null, "image": "54601303_l.jpg", "has_sizes": false}}, {"model": "products.product", "pk": 13, "fields": {"category": 1, "sku": "0528300", "name": "SLAZENGER Smash Tennis Racket", "description": "The Slazenger Smash Tennis Racket features a lightweight alloy frame with cushioned grip for excellent control and power, an ideal start up racket.", "price": "12.99", "rating": "2.95", "image_url": null, "image": "74102130_b1.jpg", "has_sizes": true}}, {"model": "products.product", "pk": 14, "fields": {"category": 1, "sku": "0528301", "name": "WILSON Tour 110 Tennis Racket", "description": "The Wilson Tour 110 Tennis Racket is a fantastic choice for any new starter to the sport, with its lightweight frame it allows easy swing. Its gripped handle promotes a comfortable feel and assists in controlling shots.", "price": "19.99", "rating": "3.75", "image_url": null, "image": "74107144_b2.jpg", "has_sizes": true}}, {"model": "products.product", "pk": 15, "fields": {"category": 1, "sku": "0528302", "name": "HEAD Radical 27 Tennis Racket", "description": "Brilliantly balanced and finely crafted the Head Radical Tennis Racket offers exceptional feel alongside control and stability! The Head Radical Tennis Racket allows a full court play boost to suit many player styles while, inspiring your confidence to draw out progression. Complete with a lightweight construction and high quality grip to aid in racket manoeuvrability and swing speed as a final touch to your performance.", "price": "22.99", "rating": "4.25", "image_url": null, "image": "74107312_b4.jpg", "has_sizes": true}}, {"model": "products.product", "pk": 16, "fields": {"category": 1, "sku": "0528303", "name": "WILSON Milos Raonic Team Tennis Racket", "description": "In honour of the Canadian tennis star Milos Raonic the Wilson Milos Raonic Team Tennis Racket has been produced to deliver exceptional recreation level performance! Double hole technology increases racket power in combination with Quadiform texh to ensure that power can be put down with stability. Complete with a comfort tech grip handle to ensure you maintain exceptional control and finesse.", "price": "27.99", "rating": "5.00", "image_url": null, "image": "74207216_b3.jpg", "has_sizes": true}}, {"model": "products.product", "pk": 17, "fields": {"category": 1, "sku": "052830", "name": "HEAD Graphene 360+ Speed MP Tennis Racket", "description": "The Head Graphene 360+ Speed MP Tennis Racket is engineered for players seeking more power, feel and stability without compromising spin. Graphene 360+ combines with SpiralFibers in the lower head for cleaner hits.", "price": "159.99", "rating": "4.50", "image_url": null, "image": "74301303_a7.jpg", "has_sizes": true}}, {"model": "products.product", "pk": 18, "fields": {"category": 1, "sku": "0528304", "name": "SLAZENGER Ultimate Tennis Racket", "description": "The Slazenger Ultimate tennis racket features a lightweight c-beam titanium alloy structure for ease of movement and comfort. Designed in a classic monochrome with the logo printed into the strings for instantaneous brand recognition", "price": "29.99", "rating": "4.00", "image_url": null, "image": "74117024_a3.jpg", "has_sizes": true}}, {"model": "lessons.classtype", "pk": 1, "fields": {"name": "beginner_group", "friendly_name": "beginner"}}, {"model": "lessons.classtype", "pk": 2, "fields": {"name": "intermediate_group", "friendly_name": "intermediate"}}, {"model": "lessons.classtype", "pk": 3, "fields": {"name": "advanced_group", "friendly_name": "advanced"}}, {"model": "lessons.classtype", "pk": 4, "fields": {"name": "private", "friendly_name": "private"}}, {"model": "lessons.lesson", "pk": 1, "fields": {"class_type": 1, "name": "beg-steph-mon-6", "coach": 1, "description": "", "price": "25.00", "date": "2021-07-05", "time": "19:00:00", "spots": 4, "students": null}}, {"model": "lessons.lesson", "pk": 2, "fields": {"class_type": 1, "name": "beg-steph-mon-6", "coach": 1, "description": "", "price": "25.00", "date": "2021-07-12", "time": "19:00:00", "spots": 4, "students": null}}, {"model": "lessons.lesson", "pk": 3, "fields": {"class_type": 1, "name": "beg-steph-mon-6", "coach": 1, "description": "", "price": "25.00", "date": "2021-07-19", "time": "19:00:00", "spots": 4, "students": null}}, {"model": "lessons.lesson", "pk": 4, "fields": {"class_type": 1, "name": "beg-steph-mon-6", "coach": 1, "description": "", "price": "25.00", "date": "2021-07-26", "time": "19:00:00", "spots": 4, "students": null}}, {"model": "lessons.lesson", "pk": 5, "fields": {"class_type": 2, "name": "int-serg-tue-7", "coach": 2, "description": "", "price": "35.00", "date": "2021-07-06", "time": "19:00:00", "spots": 4, "students": null}}, {"model": "lessons.lesson", "pk": 6, "fields": {"class_type": 2, "name": "int-serg-tue-7", "coach": 2, "description": "", "price": "35.00", "date": "2021-07-13", "time": null, "spots": 4, "students": null}}, {"model": "lessons.lesson", "pk": 7, "fields": {"class_type": 2, "name": "int-serg-tue-7", "coach": 2, "description": "", "price": "35.00", "date": "2021-07-20", "time": "19:00:00", "spots": 4, "students": null}}, {"model": "lessons.lesson", "pk": 8, "fields": {"class_type": 2, "name": "int-serg-tue-7", "coach": 2, "description": "", "price": "35.00", "date": "2021-07-27", "time": "19:00:00", "spots": 4, "students": null}}, {"model": "lessons.lesson", "pk": 9, "fields": {"class_type": 3, "name": "adv-sam-wed-7", "coach": 3, "description": "", "price": "45.00", "date": "2021-07-07", "time": "19:00:00", "spots": 4, "students": null}}, {"model": "lessons.lesson", "pk": 10, "fields": {"class_type": 3, "name": "adv-sam-wed-7", "coach": 3, "description": "", "price": "45.00", "date": "2021-07-14", "time": "19:00:00", "spots": 4, "students": null}}, {"model": "lessons.lesson", "pk": 11, "fields": {"class_type": 3, "name": "adv-sam-wed-7", "coach": 3, "description": "", "price": "45.00", "date": "2021-07-21", "time": "19:00:00", "spots": 4, "students": null}}, {"model": "lessons.lesson", "pk": 12, "fields": {"class_type": 3, "name": "adv-sam-wed-7", "coach": 3, "description": "", "price": "45.00", "date": "2021-07-28", "time": "19:00:00", "spots": 4, "students": null}}, {"model": "lessons.lesson", "pk": 13, "fields": {"class_type": 4, "name": "priv-sop-thur-7", "coach": 4, "description": "", "price": "85.00", "date": "2021-07-08", "time": "19:00:00", "spots": 4, "students": null}}, {"model": "lessons.lesson", "pk": 14, "fields": {"class_type": 4, "name": "priv-sop-thur-7", "coach": 4, "description": "", "price": "85.00", "date": "2021-07-15", "time": "19:00:00", "spots": 4, "students": null}}, {"model": "lessons.lesson", "pk": 15, "fields": {"class_type": 4, "name": "priv-sop-thur-7", "coach": 4, "description": "", "price": "85.00", "date": "2021-07-22", "time": "19:00:00", "spots": 4, "students": null}}, {"model": "lessons.lesson", "pk": 16, "fields": {"class_type": 4, "name": "priv-sop-thur-7", "coach": 4, "description": "", "price": "85.00", "date": "2021-07-29", "time": "19:00:00", "spots": 4, "students": null}}, {"model": "lessons.lesson", "pk": 17, "fields": {"class_type": 1, "name": "beg-serg-fri-7", "coach": 2, "description": "", "price": "25.00", "date": "2021-07-09", "time": "19:00:00", "spots": 4, "students": null}}, {"model": "lessons.lesson", "pk": 18, "fields": {"class_type": 1, "name": "beg-serg-fri-7", "coach": 2, "description": "", "price": "25.00", "date": "2021-07-16", "time": "19:00:00", "spots": 4, "students": null}}, {"model": "lessons.lesson", "pk": 19, "fields": {"class_type": 1, "name": "beg-serg-fri-7", "coach": 2, "description": "", "price": "25.00", "date": "2021-07-23", "time": "19:00:00", "spots": 4, "students": null}}, {"model": "lessons.lesson", "pk": 20, "fields": {"class_type": 1, "name": "beg-serg-fri-7", "coach": 2, "description": "", "price": "25.00", "date": "2021-07-30", "time": "19:00:00", "spots": 4, "students": null}}, {"model": "lessons.lesson", "pk": 21, "fields": {"class_type": 2, "name": "int-sam-sat-12", "coach": 3, "description": "", "price": "35.00", "date": "2021-07-10", "time": "12:00:00", "spots": 4, "students": null}}, {"model": "lessons.lesson", "pk": 22, "fields": {"class_type": 2, "name": "int-sam-sat-13", "coach": 3, "description": "", "price": "35.00", "date": "2021-07-10", "time": "13:00:00", "spots": 4, "students": null}}, {"model": "lessons.lesson", "pk": 23, "fields": {"class_type": 2, "name": "int-sam-sat-3", "coach": 3, "description": "", "price": "35.00", "date": "2021-07-10", "time": "15:00:00", "spots": 4, "students": null}}, {"model": "lessons.lesson", "pk": 24, "fields": {"class_type": 2, "name": "int-sam-sat-14", "coach": 3, "description": "", "price": "35.00", "date": "2021-07-10", "time": "14:00:00", "spots": 4, "students": null}}, {"model": "lessons.lesson", "pk": 26, "fields": {"class_type": 2, "name": "cecilia", "coach": 2, "description": "jnoiopo", "price": "45.00", "date": "2021-07-08", "time": "13:00:00", "spots": 4, "students": null}}, {"model": "profiles.userprofile", "pk": 1, "fields": {"user": 1, "default_phone_number": null, "default_street_address1": null, "default_street_address2": null, "default_town_or_city": null, "default_county": null, "default_postcode": null, "default_country": null}}, {"model": "coaches.coach", "pk": 1, "fields": {"first_name": "Stephanie", "last_name": "Star", "email": "sat@aea.com", "phone_number": "1234567", "description": "I am a professional LTA level 3 tennis coach accredited offering tennis lesson to individual (1 to 1) and groups (max 4). I have 25 years of experience in tennis environment as a professional player first and coach since 2010. For any question regarding coaching plan feel free to contact me. I speak English, Italian and French.", "rating": null, "image_url": null, "image": "photo-1544298621.jpg"}}, {"model": "coaches.coach", "pk": 2, "fields": {"first_name": "Sergio", "last_name": "Canas", "email": "cana@gma.com", "phone_number": "1234567", "description": "I am a enthusiastic coach with over 15 years experience. I fuse technical, physical and mental aspects of the game to develop a player. Your session will be filled with fun while getting to grips with the vast content of the game Please get in touch if you have any questions I look forward to meeting you!", "rating": null, "image_url": "https://images.unsplash.com/photo-1526889957633-506d963b0bbe?ixid=MnwxMjA3fDB8MHxwaG90by1wYWdlfHx8fGVufDB8fHx8&ixlib=rb-1.2.1&auto=format&fit=crop&w=334&q=80", "image": "chino-rocha-T5_t9unj6q0-unsplash.jpg"}}, {"model": "coaches.coach", "pk": 3, "fields": {"first_name": "Samuel", "last_name": "Scarp", "email": "ajoe@gja.com", "phone_number": "1234567", "description": "Level 3 Tennis coach working as a dedicated Adult Tennis Coach. 13 years experience. Community coaching, group coaching and 1 to 1 ones. Enthusiastic about coaching the next competitive players of tomorrow.", "rating": null, "image_url": "https://images.unsplash.com/photo-1622279604820-164471100f81?ixid=MnwxMjA3fDB8MHxwaG90by1wYWdlfHx8fGVufDB8fHx8&ixlib=rb-1.2.1&auto=format&fit=crop&w=750&q=80", "image": "marcos-paulo-prado-nIz3Er4bk3U-unsplash.jpg"}}, {"model": "coaches.coach", "pk": 4, "fields": {"first_name": "Sophia", "last_name": "Stan", "email": "skjao@gja.com", "phone_number": "12334568", "description": "I am a professional coach with 35years experience. Coached in usa where i obtained a BSC degree in PE and Health.i have been coaching in uk since 2000 and enjoy playing still. Playing for GB seniors teams and former world champion in 2014.singles and mixed dbls.on senior world itf curcuit. Coach beginners through to performance level. County player .", "rating": null, "image_url": "https://images.unsplash.com/photo-1573112178335-0ab303a3f618?ixid=MnwxMjA3fDB8MHxwaG90by1wYWdlfHx8fGVufDB8fHx8&ixlib=rb-1.2.1&auto=format&fit=crop&w=626&q=80", "image": "zoe-reeve-7WXY8jGBHFc-unsplash.jpg"}}, {"model": "coaches.comment", "pk": 8, "fields": {"coach": 1, "author": 1, "comment": "Stephanie is very understanding and patient. She took me from a beginner a tennis player that can play with the best of them!", "date": "2021-07-01", "stars": 5}}, {"model": "coaches.comment", "pk": 9, "fields": {"coach": 1, "author": 1, "comment": "She was the best!", "date": "2021-07-01", "stars": 4}}, {"model": "coaches.comment", "pk": 10, "fields": {"coach": 1, "author": 1, "comment": "Took the time to really teach me everything i needed to know. Though she did have a short temper!", "date": "2021-07-01", "stars": 3}}, {"model": "coaches.comment", "pk": 11, "fields": {"coach": 1, "author": 1, "comment": "the best coach!", "date": "2021-07-02", "stars": 5}}, {"model": "coaches.comment", "pk": 12, "fields": {"coach": 1, "author": 1, "comment": "khjao", "date": "2021-07-02", "stars": 2}}]